{
    "resources": [
        {
            "name": ".che/project.json"
        },
        {
            "name": ".gitignore"
        },
        {
            "name": ".project.json"
        },
        {
            "name": ".user.project.json"
        },
        {
            "name": "Component-preload.js",
            "merged": true
        },
        {
            "name": "Component.js"
        },
        {
            "name": "Gruntfile.js"
        },
        {
            "name": "controller/App.controller.js"
        },
        {
            "name": "controller/BaseController.js"
        },
        {
            "name": "controller/ErrorHandler.js"
        },
        {
            "name": "controller/NotFound.controller.js"
        },
        {
            "name": "controller/Object.controller.js"
        },
        {
            "name": "controller/Worklist.controller.js"
        },
        {
            "name": "dist"
        },
        {
            "name": "extended_runnable_file.html"
        },
        {
            "name": "fioriHtmlRunner.html"
        },
        {
            "name": "i18n/i18n.properties",
            "raw": "i18n/i18n.properties"
        },
        {
            "name": "i18n/i18n_de.properties",
            "raw": "i18n/i18n.properties",
            "locale": "_de"
        },
        {
            "name": "i18n/i18n_en.properties",
            "raw": "i18n/i18n.properties",
            "locale": "_en"
        },
        {
            "name": "index.html"
        },
        {
            "name": "localService/ZQM_SRV/metadata.xml"
        },
        {
            "name": "localService/metadata.xml"
        },
        {
            "name": "localService/mockserver.js"
        },
        {
            "name": "manifest.json"
        },
        {
            "name": "model/formatter.js"
        },
        {
            "name": "model/models.js"
        },
        {
            "name": "neo-app.json"
        },
        {
            "name": "node_modules"
        },
        {
            "name": "package-lock.json"
        },
        {
            "name": "package.json"
        },
        {
            "name": "resources.json",
            "merged": true
        },
        {
            "name": "sap-ui-cachebuster-info.json"
        },
        {
            "name": "view/App.view.xml"
        },
        {
            "name": "view/NotFound.view.xml"
        },
        {
            "name": "view/Object.view.xml"
        },
        {
            "name": "view/ObjectNotFound.view.xml"
        },
        {
            "name": "view/Worklist.view.xml"
        }
    ]
}