{
  ".che/project.json": 1683706019054,
  ".gitignore": 1683706019050,
  ".project.json": 1683706019033,
  ".user.project.json": 1683706019034,
  "Component-preload.js": 1683706039823,
  "Component.js": 1683706019035,
  "Gruntfile.js": 1683706019047,
  "controller/App.controller.js": 1683706019055,
  "controller/BaseController.js": 1683706019055,
  "controller/ErrorHandler.js": 1683706019056,
  "controller/NotFound.controller.js": 1683706019057,
  "controller/Object.controller.js": 1683706019058,
  "controller/Worklist.controller.js": 1683706019059,
  "extended_runnable_file.html": 1683706019040,
  "fioriHtmlRunner.html": 1683706019036,
  "i18n/i18n.properties": 1683706019060,
  "i18n/i18n_de.properties": 1683706019061,
  "i18n/i18n_en.properties": 1683706019062,
  "index.html": 1683706019036,
  "localService/ZQM_SRV/metadata.xml": 1683706019074,
  "localService/metadata.xml": 1683706019066,
  "localService/mockserver.js": 1683706019067,
  "manifest.json": 1683706019037,
  "model/formatter.js": 1683706019064,
  "model/models.js": 1683706019063,
  "neo-app.json": 1683706019038,
  "package-lock.json": 1683706019048,
  "package.json": 1683706019049,
  "resources.json": 1683706019041,
  "view/App.view.xml": 1683706019068,
  "view/NotFound.view.xml": 1683706019069,
  "view/Object.view.xml": 1683706019070,
  "view/ObjectNotFound.view.xml": 1683706019071,
  "view/Worklist.view.xml": 1683706019072
}