<edmx:Edmx
    xmlns:edmx="http://schemas.microsoft.com/ado/2007/06/edmx"
    xmlns:m="http://schemas.microsoft.com/ado/2007/08/dataservices/metadata"
    xmlns:sap="http://www.sap.com/Protocols/SAPData" Version="1.0">
    <edmx:DataServices m:DataServiceVersion="2.0">
        <Schema
            xmlns="http://schemas.microsoft.com/ado/2008/09/edm" Namespace="ZQM_SRV" xml:lang="de" sap:schema-version="1">
            <EntityType Name="Fauf" sap:content-version="1">
                <Key>
                    <PropertyRef Name="ProdOrder"/>
                    <PropertyRef Name="Vornr"/>
                </Key>
                <Property Name="Material" Type="Edm.String" Nullable="false" MaxLength="18" sap:creatable="false" sap:updatable="false" sap:sortable="false" sap:filterable="false"/>
                <Property Name="Matktx" Type="Edm.String" Nullable="false" MaxLength="40" sap:creatable="false" sap:updatable="false" sap:sortable="false" sap:filterable="false"/>
                <Property Name="MaterialPlant" Type="Edm.String" Nullable="false" MaxLength="4" sap:creatable="false" sap:updatable="false" sap:sortable="false" sap:filterable="false"/>
                <Property Name="Arbplwerk" Type="Edm.String" Nullable="false" MaxLength="4" sap:creatable="false" sap:updatable="false" sap:sortable="false" sap:filterable="false"/>
                <Property Name="Arbpl" Type="Edm.String" Nullable="false" MaxLength="8" sap:creatable="false" sap:updatable="false" sap:sortable="false" sap:filterable="false"/>
                <Property Name="ObjectTypeCimResource" Type="Edm.String" Nullable="false" MaxLength="2" sap:creatable="false" sap:updatable="false" sap:sortable="false" sap:filterable="false"/>
                <Property Name="WorkCtr" Type="Edm.String" Nullable="false" MaxLength="8" sap:creatable="false" sap:updatable="false" sap:sortable="false" sap:filterable="false"/>
                <Property Name="WorkCtrPlant" Type="Edm.String" Nullable="false" MaxLength="4" sap:creatable="false" sap:updatable="false" sap:sortable="false" sap:filterable="false"/>
                <Property Name="ProdOrder" Type="Edm.String" Nullable="false" MaxLength="12" sap:creatable="false" sap:updatable="false" sap:sortable="false" sap:filterable="false"/>
                <Property Name="ProdOrderOpPlan" Type="Edm.String" Nullable="false" MaxLength="10" sap:creatable="false" sap:updatable="false" sap:sortable="false" sap:filterable="false"/>
                <Property Name="InspoperInt" Type="Edm.String" Nullable="false" MaxLength="8" sap:creatable="false" sap:updatable="false" sap:sortable="false" sap:filterable="false"/>
                <Property Name="Fertvorktx" Type="Edm.String" Nullable="false" MaxLength="40" sap:creatable="false" sap:updatable="false" sap:sortable="false" sap:filterable="false"/>
                <Property Name="Vornr" Type="Edm.String" Nullable="false" MaxLength="4" sap:creatable="false" sap:updatable="false" sap:sortable="false" sap:filterable="false"/>
            </EntityType>
            <EntityType Name="Fehlerort" sap:content-version="1">
                <Key>
                    <PropertyRef Name="Code"/>
                </Key>
                <Property Name="Code" Type="Edm.String" Nullable="false" MaxLength="4" sap:creatable="false" sap:updatable="false" sap:sortable="false" sap:filterable="false"/>
                <Property Name="Text" Type="Edm.String" Nullable="false" MaxLength="40" sap:creatable="false" sap:updatable="false" sap:sortable="false" sap:filterable="false"/>
            </EntityType>
            <EntityType Name="Fehlerklasse" sap:content-version="1">
                <Key>
                    <PropertyRef Name="Fehlklasse"/>
                </Key>
                <Property Name="Fehlklasse" Type="Edm.String" Nullable="false" MaxLength="2" sap:creatable="false" sap:updatable="false" sap:sortable="false" sap:filterable="false"/>
                <Property Name="Text" Type="Edm.String" Nullable="false" MaxLength="40" sap:creatable="false" sap:updatable="false" sap:sortable="false" sap:filterable="false"/>
            </EntityType>
            <EntityType Name="FehlerartGroup" sap:content-version="1">
                <Key>
                    <PropertyRef Name="CodeGroup"/>
                </Key>
                <Property Name="CodeGroup" Type="Edm.String" Nullable="false" MaxLength="8" sap:creatable="false" sap:updatable="false" sap:sortable="false" sap:filterable="false"/>
                <Property Name="Text" Type="Edm.String" Nullable="false" MaxLength="40" sap:creatable="false" sap:updatable="false" sap:sortable="false" sap:filterable="false"/>
            </EntityType>
            <EntityType Name="Fehlerart" sap:content-version="1">
                <Key>
                    <PropertyRef Name="CodeGroup"/>
                    <PropertyRef Name="Code"/>
                </Key>
                <Property Name="CodeGroup" Type="Edm.String" Nullable="false" MaxLength="8" sap:creatable="false" sap:updatable="false" sap:sortable="false" sap:filterable="false"/>
                <Property Name="Code" Type="Edm.String" Nullable="false" MaxLength="4" sap:creatable="false" sap:updatable="false" sap:sortable="false" sap:filterable="false"/>
                <Property Name="Shorttxtcd" Type="Edm.String" Nullable="false" MaxLength="40" sap:creatable="false" sap:updatable="false" sap:sortable="false" sap:filterable="false"/>
            </EntityType>
            <EntityContainer Name="ZQM_SRV_Entities" m:IsDefaultEntityContainer="true" sap:supported-formats="atom json xlsx">
                <EntitySet Name="FaufSet" EntityType="ZQM_SRV.Fauf" sap:creatable="false" sap:updatable="false" sap:deletable="false" sap:pageable="false" sap:content-version="1"/>
                <EntitySet Name="FehlerortSet" EntityType="ZQM_SRV.Fehlerort" sap:creatable="false" sap:updatable="false" sap:deletable="false" sap:pageable="false" sap:content-version="1"/>
                <EntitySet Name="FehlerklasseSet" EntityType="ZQM_SRV.Fehlerklasse" sap:creatable="false" sap:updatable="false" sap:deletable="false" sap:pageable="false" sap:content-version="1"/>
                <EntitySet Name="FehlerartGroupSet" EntityType="ZQM_SRV.FehlerartGroup" sap:creatable="false" sap:updatable="false" sap:deletable="false" sap:pageable="false" sap:content-version="1"/>
                <EntitySet Name="FehlerartSet" EntityType="ZQM_SRV.Fehlerart" sap:creatable="false" sap:updatable="false" sap:deletable="false" sap:pageable="false" sap:content-version="1"/>
            </EntityContainer>
            <atom:link
                xmlns:atom="http://www.w3.org/2005/Atom" rel="self" href="./sap/ZQM_SRV/$metadata"/>
                <atom:link
                    xmlns:atom="http://www.w3.org/2005/Atom" rel="latest-version" href="./sap/ZQM_SRV/$metadata"/>
                </Schema>
            </edmx:DataServices>
        </edmx:Edmx>